version,submission_id,status,total,ADS,CPS,runtime_seconds,runtime_displayed,submission_time_displayed,delta_total_vs_v7,evidence_level,image
v1,78917,scored,0.6503311111,0.6126666667,0.9893111111,1194,19:54,2026-08-31 23:31:02,-0.1414142857,archived_screenshot,
v2,79465,scored,0.6365096825,0.5973095238,0.9893111111,1208,20:08,2026-09-01 02:06:09,-0.1552357143,archived_screenshot,
v3,82491,scored,0.6696168254,0.6340952381,0.9893111111,1190,19:50,2026-09-04 23:29:48,-0.1221285714,archived_screenshot,
v4,82793,scored,0.6727025397,0.6375238095,0.9893111111,1222,20:22,2026-09-05 10:41:03,-0.1190428571,archived_screenshot,
v5,82822,scored,0.7191168254,0.6890952381,0.9893111111,1078,17:58,2026-09-05 12:01:17,-0.0726285714,archived_screenshot,
v6,83485,scored,0.7655168254,0.7406507937,0.9893111111,1031,17:11,2026-09-06 13:02:08,-0.0262285714,archived_screenshot,
v7,83804,scored,0.7917453968,0.7697936508,0.9893111111,1034,17:14,2026-09-06 23:13:18,0.0000000000,archived_screenshot,
v8,84048,scored,0.782488254,0.7595079365,0.9893111111,1039,17:19,2026-09-07 07:15:50,-0.0092571428,archived_screenshot,
v9_error,85924,submission_error,,,,1103,18:23,2026-09-09 13:40:14,,archived_screenshot,
v9_debugged,85981,scored,0.7835168254,0.7606507937,0.9893111111,2081,34:41,2026-09-09 15:19:23,-0.0082285714,archived_screenshot,
v10,86849,scored,0.5614983386,0.514047619,0.9885548148,70,1:10,2026-09-10 18:03:30,-0.2302470582,archived_screenshot,
v11,86972,scored,0.5787269101,0.5331904762,0.9885548148,100,1:40,,-0.2130184867,transcribed_user_result,
